,Unnamed: 0,text,context_annotations,cleaned_text,clean_review,predicted_sentiment
0,0,RT @Tate100T: I was told Stranger things season 5 is going to be the best season yet but this looks CRAZY #strangerthings5 https://t.co/0a8…,"[{'domain': {'id': '3', 'name': 'TV Shows', 'description': 'Television shows from around the world'}, 'entity': {'id': '10045675573', 'name': 'Stranger Things (Netflix)'}}, {'domain': {'id': '3', 'name': 'TV Shows', 'description': 'Television shows from around the world'}, 'entity': {'id': '10051425401', 'name': 'Stranger Things'}}, {'domain': {'id': '46', 'name': 'Business Taxonomy', 'description': 'Categories within Brand Verticals that narrow down the scope of Brands'}, 'entity': {'id': '1557696802391859201', 'name': 'Entertainment & Leisure Business', 'description': 'Brands, companies, advertisers and every non-person handle with the profit intent related to movies, music, television, franchises, venues, theme parks, toys, tourism, hotels'}}, {'domain': {'id': '131', 'name': 'Unified Twitter Taxonomy', 'description': 'A taxonomy of user interests. '}, 'entity': {'id': '847869772129685504', 'name': 'Sci-fi & fantasy', 'description': 'Sci-fi and fantasy'}}, {'domain': {'id': '131', 'name': 'Unified Twitter Taxonomy', 'description': 'A taxonomy of user interests. '}, 'entity': {'id': '1072937043393560576', 'name': 'Television', 'description': 'Television'}}, {'domain': {'id': '131', 'name': 'Unified Twitter Taxonomy', 'description': 'A taxonomy of user interests. '}, 'entity': {'id': '1223187634983292929', 'name': 'Stranger Things'}}, {'domain': {'id': '131', 'name': 'Unified Twitter Taxonomy', 'description': 'A taxonomy of user interests. '}, 'entity': {'id': '1276514328007467008', 'name': 'Movies & TV'}}, {'domain': {'id': '131', 'name': 'Unified Twitter Taxonomy', 'description': 'A taxonomy of user interests. '}, 'entity': {'id': '1283481070956998656', 'name': 'Sci-fi & fantasy TV'}}, {'domain': {'id': '172', 'name': 'Global TV Show', 'description': 'For global/conceptual TV shows without localization.'}, 'entity': {'id': '1223187634983292929', 'name': 'Stranger Things'}}, {'domain': {'id': '3', 'name': 'TV Shows', 'description': 'Television shows from around the world'}, 'entity': {'id': '10045675573', 'name': 'Stranger Things (Netflix)'}}, {'domain': {'id': '29', 'name': 'Events [Entity Service]', 'description': 'Real world events. '}, 'entity': {'id': '10045675573', 'name': 'Stranger Things (Netflix)'}}]",rt told stranger things season going best season yet looks crazy,rt tate100t i was told stranger things season 5 is going to be the best season yet but this looks crazy strangerthings5 https t co 0a8 ,1
1,1,"RT @Updates_SThings: 🚨| More photos from the 'STRANGER THINGS 5' wrap party!

#StrangerThings5 https://t.co/VREPItS5sU","[{'domain': {'id': '3', 'name': 'TV Shows', 'description': 'Television shows from around the world'}, 'entity': {'id': '10045675573', 'name': 'Stranger Things (Netflix)'}}, {'domain': {'id': '3', 'name': 'TV Shows', 'description': 'Television shows from around the world'}, 'entity': {'id': '10051425401', 'name': 'Stranger Things'}}, {'domain': {'id': '46', 'name': 'Business Taxonomy', 'description': 'Categories within Brand Verticals that narrow down the scope of Brands'}, 'entity': {'id': '1557696802391859201', 'name': 'Entertainment & Leisure Business', 'description': 'Brands, companies, advertisers and every non-person handle with the profit intent related to movies, music, television, franchises, venues, theme parks, toys, tourism, hotels'}}, {'domain': {'id': '131', 'name': 'Unified Twitter Taxonomy', 'description': 'A taxonomy of user interests. '}, 'entity': {'id': '847869772129685504', 'name': 'Sci-fi & fantasy', 'description': 'Sci-fi and fantasy'}}, {'domain': {'id': '131', 'name': 'Unified Twitter Taxonomy', 'description': 'A taxonomy of user interests. '}, 'entity': {'id': '1072937043393560576', 'name': 'Television', 'description': 'Television'}}, {'domain': {'id': '131', 'name': 'Unified Twitter Taxonomy', 'description': 'A taxonomy of user interests. '}, 'entity': {'id': '1223187634983292929', 'name': 'Stranger Things'}}, {'domain': {'id': '131', 'name': 'Unified Twitter Taxonomy', 'description': 'A taxonomy of user interests. '}, 'entity': {'id': '1276514328007467008', 'name': 'Movies & TV'}}, {'domain': {'id': '131', 'name': 'Unified Twitter Taxonomy', 'description': 'A taxonomy of user interests. '}, 'entity': {'id': '1283481070956998656', 'name': 'Sci-fi & fantasy TV'}}, {'domain': {'id': '172', 'name': 'Global TV Show', 'description': 'For global/conceptual TV shows without localization.'}, 'entity': {'id': '1223187634983292929', 'name': 'Stranger Things'}}, {'domain': {'id': '3', 'name': 'TV Shows', 'description': 'Television shows from around the world'}, 'entity': {'id': '10045675573', 'name': 'Stranger Things (Netflix)'}}, {'domain': {'id': '29', 'name': 'Events [Entity Service]', 'description': 'Real world events. '}, 'entity': {'id': '10045675573', 'name': 'Stranger Things (Netflix)'}}]",rt photos stranger things wrap party,rt updates_sthings more photos from the stranger things 5 wrap party strangerthings5 https t co vrepits5su,0
2,2,"RT @Updates_SThings: 🚨| More photos from the 'STRANGER THINGS 5' wrap party!

#StrangerThings5 https://t.co/VREPItS5sU","[{'domain': {'id': '3', 'name': 'TV Shows', 'description': 'Television shows from around the world'}, 'entity': {'id': '10045675573', 'name': 'Stranger Things (Netflix)'}}, {'domain': {'id': '3', 'name': 'TV Shows', 'description': 'Television shows from around the world'}, 'entity': {'id': '10051425401', 'name': 'Stranger Things'}}, {'domain': {'id': '46', 'name': 'Business Taxonomy', 'description': 'Categories within Brand Verticals that narrow down the scope of Brands'}, 'entity': {'id': '1557696802391859201', 'name': 'Entertainment & Leisure Business', 'description': 'Brands, companies, advertisers and every non-person handle with the profit intent related to movies, music, television, franchises, venues, theme parks, toys, tourism, hotels'}}, {'domain': {'id': '131', 'name': 'Unified Twitter Taxonomy', 'description': 'A taxonomy of user interests. '}, 'entity': {'id': '847869772129685504', 'name': 'Sci-fi & fantasy', 'description': 'Sci-fi and fantasy'}}, {'domain': {'id': '131', 'name': 'Unified Twitter Taxonomy', 'description': 'A taxonomy of user interests. '}, 'entity': {'id': '1072937043393560576', 'name': 'Television', 'description': 'Television'}}, {'domain': {'id': '131', 'name': 'Unified Twitter Taxonomy', 'description': 'A taxonomy of user interests. '}, 'entity': {'id': '1223187634983292929', 'name': 'Stranger Things'}}, {'domain': {'id': '131', 'name': 'Unified Twitter Taxonomy', 'description': 'A taxonomy of user interests. '}, 'entity': {'id': '1276514328007467008', 'name': 'Movies & TV'}}, {'domain': {'id': '131', 'name': 'Unified Twitter Taxonomy', 'description': 'A taxonomy of user interests. '}, 'entity': {'id': '1283481070956998656', 'name': 'Sci-fi & fantasy TV'}}, {'domain': {'id': '172', 'name': 'Global TV Show', 'description': 'For global/conceptual TV shows without localization.'}, 'entity': {'id': '1223187634983292929', 'name': 'Stranger Things'}}, {'domain': {'id': '3', 'name': 'TV Shows', 'description': 'Television shows from around the world'}, 'entity': {'id': '10045675573', 'name': 'Stranger Things (Netflix)'}}, {'domain': {'id': '29', 'name': 'Events [Entity Service]', 'description': 'Real world events. '}, 'entity': {'id': '10045675573', 'name': 'Stranger Things (Netflix)'}}]",rt photos stranger things wrap party,rt updates_sthings more photos from the stranger things 5 wrap party strangerthings5 https t co vrepits5su,0
3,3,"RT @Updates_SThings: Week 50 of Stranger Things 5 filming.

Last days of filming 😭💔

Thanks to the entire Stranger Things team!!

#Stranger…","[{'domain': {'id': '3', 'name': 'TV Shows', 'description': 'Television shows from around the world'}, 'entity': {'id': '10045675573', 'name': 'Stranger Things (Netflix)'}}, {'domain': {'id': '3', 'name': 'TV Shows', 'description': 'Television shows from around the world'}, 'entity': {'id': '10051425401', 'name': 'Stranger Things'}}, {'domain': {'id': '46', 'name': 'Business Taxonomy', 'description': 'Categories within Brand Verticals that narrow down the scope of Brands'}, 'entity': {'id': '1557696802391859201', 'name': 'Entertainment & Leisure Business', 'description': 'Brands, companies, advertisers and every non-person handle with the profit intent related to movies, music, television, franchises, venues, theme parks, toys, tourism, hotels'}}, {'domain': {'id': '131', 'name': 'Unified Twitter Taxonomy', 'description': 'A taxonomy of user interests. '}, 'entity': {'id': '847869772129685504', 'name': 'Sci-fi & fantasy', 'description': 'Sci-fi and fantasy'}}, {'domain': {'id': '131', 'name': 'Unified Twitter Taxonomy', 'description': 'A taxonomy of user interests. '}, 'entity': {'id': '1072937043393560576', 'name': 'Television', 'description': 'Television'}}, {'domain': {'id': '131', 'name': 'Unified Twitter Taxonomy', 'description': 'A taxonomy of user interests. '}, 'entity': {'id': '1223187634983292929', 'name': 'Stranger Things'}}, {'domain': {'id': '131', 'name': 'Unified Twitter Taxonomy', 'description': 'A taxonomy of user interests. '}, 'entity': {'id': '1276514328007467008', 'name': 'Movies & TV'}}, {'domain': {'id': '131', 'name': 'Unified Twitter Taxonomy', 'description': 'A taxonomy of user interests. '}, 'entity': {'id': '1283481070956998656', 'name': 'Sci-fi & fantasy TV'}}, {'domain': {'id': '172', 'name': 'Global TV Show', 'description': 'For global/conceptual TV shows without localization.'}, 'entity': {'id': '1223187634983292929', 'name': 'Stranger Things'}}, {'domain': {'id': '3', 'name': 'TV Shows', 'description': 'Television shows from around the world'}, 'entity': {'id': '10045675573', 'name': 'Stranger Things (Netflix)'}}, {'domain': {'id': '29', 'name': 'Events [Entity Service]', 'description': 'Real world events. '}, 'entity': {'id': '10045675573', 'name': 'Stranger Things (Netflix)'}}]",rt week stranger things filming last days filming thanks entire stranger things team,rt updates_sthings week 50 of stranger things 5 filming last days of filming thanks to the entire stranger things team stranger ,1
4,4,"RT @Updates_SThings: 🚨| SPOILER: Actors who were filming the graduation scene:

- Finn Wolfhard 🎓
- Noah Schnapp 🎓
- Sadie Sink 🎓
- Caleb M…","[{'domain': {'id': '3', 'name': 'TV Shows', 'description': 'Television shows from around the world'}, 'entity': {'id': '10046426305', 'name': 'Stranger Things'}}, {'domain': {'id': '10', 'name': 'Person', 'description': 'Named people in the world like Nelson Mandela'}, 'entity': {'id': '930530748787933184', 'name': 'Finn Wolfhard', 'description': 'Finn Wolfhard'}}, {'domain': {'id': '10', 'name': 'Person', 'description': 'Named people in the world like Nelson Mandela'}, 'entity': {'id': '930533124760510464', 'name': 'Noah Schnapp', 'description': 'Noah Schnapp'}}, {'domain': {'id': '10', 'name': 'Person', 'description': 'Named people in the world like Nelson Mandela'}, 'entity': {'id': '1040333169340276736', 'name': 'Sadie Sink', 'description': 'Sadie Sink'}}, {'domain': {'id': '29', 'name': 'Events [Entity Service]', 'description': 'Real world events. '}, 'entity': {'id': '1511323041464168451', 'name': 'Graduation 2022'}}, {'domain': {'id': '56', 'name': 'Actor', 'description': 'An actor or actress in the world, like Kate Winslet or Leonardo DiCaprio'}, 'entity': {'id': '930530748787933184', 'name': 'Finn Wolfhard', 'description': 'Finn Wolfhard'}}, {'domain': {'id': '56', 'name': 'Actor', 'description': 'An actor or actress in the world, like Kate Winslet or Leonardo DiCaprio'}, 'entity': {'id': '930533124760510464', 'name': 'Noah Schnapp', 'description': 'Noah Schnapp'}}, {'domain': {'id': '56', 'name': 'Actor', 'description': 'An actor or actress in the world, like Kate Winslet or Leonardo DiCaprio'}, 'entity': {'id': '1040333169340276736', 'name': 'Sadie Sink', 'description': 'Sadie Sink'}}, {'domain': {'id': '131', 'name': 'Unified Twitter Taxonomy', 'description': 'A taxonomy of user interests. '}, 'entity': {'id': '930530748787933184', 'name': 'Finn Wolfhard', 'description': 'Finn Wolfhard'}}, {'domain': {'id': '131', 'name': 'Unified Twitter Taxonomy', 'description': 'A taxonomy of user interests. '}, 'entity': {'id': '930533124760510464', 'name': 'Noah Schnapp', 'description': 'Noah Schnapp'}}, {'domain': {'id': '131', 'name': 'Unified Twitter Taxonomy', 'description': 'A taxonomy of user interests. '}, 'entity': {'id': '1040333169340276736', 'name': 'Sadie Sink', 'description': 'Sadie Sink'}}]",rt spoiler actors filming graduation scene finn wolfhard noah schnapp sadie sink caleb,rt updates_sthings spoiler actors who were filming the graduation scene finn wolfhard noah schnapp sadie sink caleb m ,0
5,5,"RT @SThingsSpoilers: It’s time for our FINAL filming update!

Last week, the cast of #StrangerThings5 was spotted filming at several locati…","[{'domain': {'id': '3', 'name': 'TV Shows', 'description': 'Television shows from around the world'}, 'entity': {'id': '10045675573', 'name': 'Stranger Things (Netflix)'}}, {'domain': {'id': '46', 'name': 'Business Taxonomy', 'description': 'Categories within Brand Verticals that narrow down the scope of Brands'}, 'entity': {'id': '1557696802391859201', 'name': 'Entertainment & Leisure Business', 'description': 'Brands, companies, advertisers and every non-person handle with the profit intent related to movies, music, television, franchises, venues, theme parks, toys, tourism, hotels'}}, {'domain': {'id': '131', 'name': 'Unified Twitter Taxonomy', 'description': 'A taxonomy of user interests. '}, 'entity': {'id': '847869772129685504', 'name': 'Sci-fi & fantasy', 'description': 'Sci-fi and fantasy'}}, {'domain': {'id': '131', 'name': 'Unified Twitter Taxonomy', 'description': 'A taxonomy of user interests. '}, 'entity': {'id': '1072937043393560576', 'name': 'Television', 'description': 'Television'}}, {'domain': {'id': '131', 'name': 'Unified Twitter Taxonomy', 'description': 'A taxonomy of user interests. '}, 'entity': {'id': '1223187634983292929', 'name': 'Stranger Things'}}, {'domain': {'id': '131', 'name': 'Unified Twitter Taxonomy', 'description': 'A taxonomy of user interests. '}, 'entity': {'id': '1276514328007467008', 'name': 'Movies & TV'}}, {'domain': {'id': '131', 'name': 'Unified Twitter Taxonomy', 'description': 'A taxonomy of user interests. '}, 'entity': {'id': '1283481070956998656', 'name': 'Sci-fi & fantasy TV'}}, {'domain': {'id': '172', 'name': 'Global TV Show', 'description': 'For global/conceptual TV shows without localization.'}, 'entity': {'id': '1223187634983292929', 'name': 'Stranger Things'}}]",rt time final filming update last week cast spotted filming several locati,rt sthingsspoilers it s time for our final filming update last week the cast of strangerthings5 was spotted filming at several locati ,1
6,6,"RT @Updates_SThings: 🚨| SPOILER: Actors who were filming the graduation scene:

- Finn Wolfhard 🎓
- Noah Schnapp 🎓
- Sadie Sink 🎓
- Caleb M…","[{'domain': {'id': '3', 'name': 'TV Shows', 'description': 'Television shows from around the world'}, 'entity': {'id': '10046426305', 'name': 'Stranger Things'}}, {'domain': {'id': '10', 'name': 'Person', 'description': 'Named people in the world like Nelson Mandela'}, 'entity': {'id': '930530748787933184', 'name': 'Finn Wolfhard', 'description': 'Finn Wolfhard'}}, {'domain': {'id': '10', 'name': 'Person', 'description': 'Named people in the world like Nelson Mandela'}, 'entity': {'id': '930533124760510464', 'name': 'Noah Schnapp', 'description': 'Noah Schnapp'}}, {'domain': {'id': '10', 'name': 'Person', 'description': 'Named people in the world like Nelson Mandela'}, 'entity': {'id': '1040333169340276736', 'name': 'Sadie Sink', 'description': 'Sadie Sink'}}, {'domain': {'id': '29', 'name': 'Events [Entity Service]', 'description': 'Real world events. '}, 'entity': {'id': '1511323041464168451', 'name': 'Graduation 2022'}}, {'domain': {'id': '56', 'name': 'Actor', 'description': 'An actor or actress in the world, like Kate Winslet or Leonardo DiCaprio'}, 'entity': {'id': '930530748787933184', 'name': 'Finn Wolfhard', 'description': 'Finn Wolfhard'}}, {'domain': {'id': '56', 'name': 'Actor', 'description': 'An actor or actress in the world, like Kate Winslet or Leonardo DiCaprio'}, 'entity': {'id': '930533124760510464', 'name': 'Noah Schnapp', 'description': 'Noah Schnapp'}}, {'domain': {'id': '56', 'name': 'Actor', 'description': 'An actor or actress in the world, like Kate Winslet or Leonardo DiCaprio'}, 'entity': {'id': '1040333169340276736', 'name': 'Sadie Sink', 'description': 'Sadie Sink'}}, {'domain': {'id': '131', 'name': 'Unified Twitter Taxonomy', 'description': 'A taxonomy of user interests. '}, 'entity': {'id': '930530748787933184', 'name': 'Finn Wolfhard', 'description': 'Finn Wolfhard'}}, {'domain': {'id': '131', 'name': 'Unified Twitter Taxonomy', 'description': 'A taxonomy of user interests. '}, 'entity': {'id': '930533124760510464', 'name': 'Noah Schnapp', 'description': 'Noah Schnapp'}}, {'domain': {'id': '131', 'name': 'Unified Twitter Taxonomy', 'description': 'A taxonomy of user interests. '}, 'entity': {'id': '1040333169340276736', 'name': 'Sadie Sink', 'description': 'Sadie Sink'}}]",rt spoiler actors filming graduation scene finn wolfhard noah schnapp sadie sink caleb,rt updates_sthings spoiler actors who were filming the graduation scene finn wolfhard noah schnapp sadie sink caleb m ,0
7,7,"RT @Updates_SThings: 🚨| SPOILER: Actors who were filming the graduation scene:

- Finn Wolfhard 🎓
- Noah Schnapp 🎓
- Sadie Sink 🎓
- Caleb M…","[{'domain': {'id': '3', 'name': 'TV Shows', 'description': 'Television shows from around the world'}, 'entity': {'id': '10046426305', 'name': 'Stranger Things'}}, {'domain': {'id': '10', 'name': 'Person', 'description': 'Named people in the world like Nelson Mandela'}, 'entity': {'id': '930530748787933184', 'name': 'Finn Wolfhard', 'description': 'Finn Wolfhard'}}, {'domain': {'id': '10', 'name': 'Person', 'description': 'Named people in the world like Nelson Mandela'}, 'entity': {'id': '930533124760510464', 'name': 'Noah Schnapp', 'description': 'Noah Schnapp'}}, {'domain': {'id': '10', 'name': 'Person', 'description': 'Named people in the world like Nelson Mandela'}, 'entity': {'id': '1040333169340276736', 'name': 'Sadie Sink', 'description': 'Sadie Sink'}}, {'domain': {'id': '29', 'name': 'Events [Entity Service]', 'description': 'Real world events. '}, 'entity': {'id': '1511323041464168451', 'name': 'Graduation 2022'}}, {'domain': {'id': '56', 'name': 'Actor', 'description': 'An actor or actress in the world, like Kate Winslet or Leonardo DiCaprio'}, 'entity': {'id': '930530748787933184', 'name': 'Finn Wolfhard', 'description': 'Finn Wolfhard'}}, {'domain': {'id': '56', 'name': 'Actor', 'description': 'An actor or actress in the world, like Kate Winslet or Leonardo DiCaprio'}, 'entity': {'id': '930533124760510464', 'name': 'Noah Schnapp', 'description': 'Noah Schnapp'}}, {'domain': {'id': '56', 'name': 'Actor', 'description': 'An actor or actress in the world, like Kate Winslet or Leonardo DiCaprio'}, 'entity': {'id': '1040333169340276736', 'name': 'Sadie Sink', 'description': 'Sadie Sink'}}, {'domain': {'id': '131', 'name': 'Unified Twitter Taxonomy', 'description': 'A taxonomy of user interests. '}, 'entity': {'id': '930530748787933184', 'name': 'Finn Wolfhard', 'description': 'Finn Wolfhard'}}, {'domain': {'id': '131', 'name': 'Unified Twitter Taxonomy', 'description': 'A taxonomy of user interests. '}, 'entity': {'id': '930533124760510464', 'name': 'Noah Schnapp', 'description': 'Noah Schnapp'}}, {'domain': {'id': '131', 'name': 'Unified Twitter Taxonomy', 'description': 'A taxonomy of user interests. '}, 'entity': {'id': '1040333169340276736', 'name': 'Sadie Sink', 'description': 'Sadie Sink'}}]",rt spoiler actors filming graduation scene finn wolfhard noah schnapp sadie sink caleb,rt updates_sthings spoiler actors who were filming the graduation scene finn wolfhard noah schnapp sadie sink caleb m ,0
8,8,"RT @Updates_SThings: 🚨| More photos from the 'STRANGER THINGS 5' wrap party!

#StrangerThings5 https://t.co/VREPItS5sU","[{'domain': {'id': '3', 'name': 'TV Shows', 'description': 'Television shows from around the world'}, 'entity': {'id': '10045675573', 'name': 'Stranger Things (Netflix)'}}, {'domain': {'id': '3', 'name': 'TV Shows', 'description': 'Television shows from around the world'}, 'entity': {'id': '10051425401', 'name': 'Stranger Things'}}, {'domain': {'id': '46', 'name': 'Business Taxonomy', 'description': 'Categories within Brand Verticals that narrow down the scope of Brands'}, 'entity': {'id': '1557696802391859201', 'name': 'Entertainment & Leisure Business', 'description': 'Brands, companies, advertisers and every non-person handle with the profit intent related to movies, music, television, franchises, venues, theme parks, toys, tourism, hotels'}}, {'domain': {'id': '131', 'name': 'Unified Twitter Taxonomy', 'description': 'A taxonomy of user interests. '}, 'entity': {'id': '847869772129685504', 'name': 'Sci-fi & fantasy', 'description': 'Sci-fi and fantasy'}}, {'domain': {'id': '131', 'name': 'Unified Twitter Taxonomy', 'description': 'A taxonomy of user interests. '}, 'entity': {'id': '1072937043393560576', 'name': 'Television', 'description': 'Television'}}, {'domain': {'id': '131', 'name': 'Unified Twitter Taxonomy', 'description': 'A taxonomy of user interests. '}, 'entity': {'id': '1223187634983292929', 'name': 'Stranger Things'}}, {'domain': {'id': '131', 'name': 'Unified Twitter Taxonomy', 'description': 'A taxonomy of user interests. '}, 'entity': {'id': '1276514328007467008', 'name': 'Movies & TV'}}, {'domain': {'id': '131', 'name': 'Unified Twitter Taxonomy', 'description': 'A taxonomy of user interests. '}, 'entity': {'id': '1283481070956998656', 'name': 'Sci-fi & fantasy TV'}}, {'domain': {'id': '172', 'name': 'Global TV Show', 'description': 'For global/conceptual TV shows without localization.'}, 'entity': {'id': '1223187634983292929', 'name': 'Stranger Things'}}, {'domain': {'id': '3', 'name': 'TV Shows', 'description': 'Television shows from around the world'}, 'entity': {'id': '10045675573', 'name': 'Stranger Things (Netflix)'}}, {'domain': {'id': '29', 'name': 'Events [Entity Service]', 'description': 'Real world events. '}, 'entity': {'id': '10045675573', 'name': 'Stranger Things (Netflix)'}}]",rt photos stranger things wrap party,rt updates_sthings more photos from the stranger things 5 wrap party strangerthings5 https t co vrepits5su,0
9,9,"RT @Updates_SThings: 🚨| More photos from the 'STRANGER THINGS 5' wrap party!

#StrangerThings5 https://t.co/VREPItS5sU","[{'domain': {'id': '3', 'name': 'TV Shows', 'description': 'Television shows from around the world'}, 'entity': {'id': '10045675573', 'name': 'Stranger Things (Netflix)'}}, {'domain': {'id': '3', 'name': 'TV Shows', 'description': 'Television shows from around the world'}, 'entity': {'id': '10051425401', 'name': 'Stranger Things'}}, {'domain': {'id': '46', 'name': 'Business Taxonomy', 'description': 'Categories within Brand Verticals that narrow down the scope of Brands'}, 'entity': {'id': '1557696802391859201', 'name': 'Entertainment & Leisure Business', 'description': 'Brands, companies, advertisers and every non-person handle with the profit intent related to movies, music, television, franchises, venues, theme parks, toys, tourism, hotels'}}, {'domain': {'id': '131', 'name': 'Unified Twitter Taxonomy', 'description': 'A taxonomy of user interests. '}, 'entity': {'id': '847869772129685504', 'name': 'Sci-fi & fantasy', 'description': 'Sci-fi and fantasy'}}, {'domain': {'id': '131', 'name': 'Unified Twitter Taxonomy', 'description': 'A taxonomy of user interests. '}, 'entity': {'id': '1072937043393560576', 'name': 'Television', 'description': 'Television'}}, {'domain': {'id': '131', 'name': 'Unified Twitter Taxonomy', 'description': 'A taxonomy of user interests. '}, 'entity': {'id': '1223187634983292929', 'name': 'Stranger Things'}}, {'domain': {'id': '131', 'name': 'Unified Twitter Taxonomy', 'description': 'A taxonomy of user interests. '}, 'entity': {'id': '1276514328007467008', 'name': 'Movies & TV'}}, {'domain': {'id': '131', 'name': 'Unified Twitter Taxonomy', 'description': 'A taxonomy of user interests. '}, 'entity': {'id': '1283481070956998656', 'name': 'Sci-fi & fantasy TV'}}, {'domain': {'id': '172', 'name': 'Global TV Show', 'description': 'For global/conceptual TV shows without localization.'}, 'entity': {'id': '1223187634983292929', 'name': 'Stranger Things'}}, {'domain': {'id': '3', 'name': 'TV Shows', 'description': 'Television shows from around the world'}, 'entity': {'id': '10045675573', 'name': 'Stranger Things (Netflix)'}}, {'domain': {'id': '29', 'name': 'Events [Entity Service]', 'description': 'Real world events. '}, 'entity': {'id': '10045675573', 'name': 'Stranger Things (Netflix)'}}]",rt photos stranger things wrap party,rt updates_sthings more photos from the stranger things 5 wrap party strangerthings5 https t co vrepits5su,0
10,10,"RT @Updates_SThings: 🚨| More photos from the 'STRANGER THINGS 5' wrap party!

#StrangerThings5 https://t.co/VREPItS5sU","[{'domain': {'id': '3', 'name': 'TV Shows', 'description': 'Television shows from around the world'}, 'entity': {'id': '10045675573', 'name': 'Stranger Things (Netflix)'}}, {'domain': {'id': '3', 'name': 'TV Shows', 'description': 'Television shows from around the world'}, 'entity': {'id': '10051425401', 'name': 'Stranger Things'}}, {'domain': {'id': '46', 'name': 'Business Taxonomy', 'description': 'Categories within Brand Verticals that narrow down the scope of Brands'}, 'entity': {'id': '1557696802391859201', 'name': 'Entertainment & Leisure Business', 'description': 'Brands, companies, advertisers and every non-person handle with the profit intent related to movies, music, television, franchises, venues, theme parks, toys, tourism, hotels'}}, {'domain': {'id': '131', 'name': 'Unified Twitter Taxonomy', 'description': 'A taxonomy of user interests. '}, 'entity': {'id': '847869772129685504', 'name': 'Sci-fi & fantasy', 'description': 'Sci-fi and fantasy'}}, {'domain': {'id': '131', 'name': 'Unified Twitter Taxonomy', 'description': 'A taxonomy of user interests. '}, 'entity': {'id': '1072937043393560576', 'name': 'Television', 'description': 'Television'}}, {'domain': {'id': '131', 'name': 'Unified Twitter Taxonomy', 'description': 'A taxonomy of user interests. '}, 'entity': {'id': '1223187634983292929', 'name': 'Stranger Things'}}, {'domain': {'id': '131', 'name': 'Unified Twitter Taxonomy', 'description': 'A taxonomy of user interests. '}, 'entity': {'id': '1276514328007467008', 'name': 'Movies & TV'}}, {'domain': {'id': '131', 'name': 'Unified Twitter Taxonomy', 'description': 'A taxonomy of user interests. '}, 'entity': {'id': '1283481070956998656', 'name': 'Sci-fi & fantasy TV'}}, {'domain': {'id': '172', 'name': 'Global TV Show', 'description': 'For global/conceptual TV shows without localization.'}, 'entity': {'id': '1223187634983292929', 'name': 'Stranger Things'}}, {'domain': {'id': '3', 'name': 'TV Shows', 'description': 'Television shows from around the world'}, 'entity': {'id': '10045675573', 'name': 'Stranger Things (Netflix)'}}, {'domain': {'id': '29', 'name': 'Events [Entity Service]', 'description': 'Real world events. '}, 'entity': {'id': '10045675573', 'name': 'Stranger Things (Netflix)'}}]",rt photos stranger things wrap party,rt updates_sthings more photos from the stranger things 5 wrap party strangerthings5 https t co vrepits5su,0
11,11,RT @SThingsMeme: The Stranger Things cast had a Season 5 wrap-up party on Saturday evening. Most of the cast members have finished the film…,"[{'domain': {'id': '3', 'name': 'TV Shows', 'description': 'Television shows from around the world'}, 'entity': {'id': '10045675573', 'name': 'Stranger Things (Netflix)'}}, {'domain': {'id': '3', 'name': 'TV Shows', 'description': 'Television shows from around the world'}, 'entity': {'id': '10051425401', 'name': 'Stranger Things'}}, {'domain': {'id': '46', 'name': 'Business Taxonomy', 'description': 'Categories within Brand Verticals that narrow down the scope of Brands'}, 'entity': {'id': '1557696802391859201', 'name': 'Entertainment & Leisure Business', 'description': 'Brands, companies, advertisers and every non-person handle with the profit intent related to movies, music, television, franchises, venues, theme parks, toys, tourism, hotels'}}, {'domain': {'id': '131', 'name': 'Unified Twitter Taxonomy', 'description': 'A taxonomy of user interests. '}, 'entity': {'id': '847869772129685504', 'name': 'Sci-fi & fantasy', 'description': 'Sci-fi and fantasy'}}, {'domain': {'id': '131', 'name': 'Unified Twitter Taxonomy', 'description': 'A taxonomy of user interests. '}, 'entity': {'id': '1072937043393560576', 'name': 'Television', 'description': 'Television'}}, {'domain': {'id': '131', 'name': 'Unified Twitter Taxonomy', 'description': 'A taxonomy of user interests. '}, 'entity': {'id': '1223187634983292929', 'name': 'Stranger Things'}}, {'domain': {'id': '131', 'name': 'Unified Twitter Taxonomy', 'description': 'A taxonomy of user interests. '}, 'entity': {'id': '1276514328007467008', 'name': 'Movies & TV'}}, {'domain': {'id': '131', 'name': 'Unified Twitter Taxonomy', 'description': 'A taxonomy of user interests. '}, 'entity': {'id': '1283481070956998656', 'name': 'Sci-fi & fantasy TV'}}, {'domain': {'id': '172', 'name': 'Global TV Show', 'description': 'For global/conceptual TV shows without localization.'}, 'entity': {'id': '1223187634983292929', 'name': 'Stranger Things'}}, {'domain': {'id': '3', 'name': 'TV Shows', 'description': 'Television shows from around the world'}, 'entity': {'id': '10045675573', 'name': 'Stranger Things (Netflix)'}}, {'domain': {'id': '29', 'name': 'Events [Entity Service]', 'description': 'Real world events. '}, 'entity': {'id': '10045675573', 'name': 'Stranger Things (Netflix)'}}]",rt stranger things cast season wrapup party saturday evening cast members finished film,rt sthingsmeme the stranger things cast had a season 5 wrap up party on saturday evening most of the cast members have finished the film ,1
12,12,"RT @Updates_SThings: 🚨| Amybeth McNulty has finished filming 'STRANGER THINGS 5'.

#StrangerThings5 https://t.co/qCuJElaYQr","[{'domain': {'id': '3', 'name': 'TV Shows', 'description': 'Television shows from around the world'}, 'entity': {'id': '10045675573', 'name': 'Stranger Things (Netflix)'}}, {'domain': {'id': '3', 'name': 'TV Shows', 'description': 'Television shows from around the world'}, 'entity': {'id': '10051425401', 'name': 'Stranger Things'}}, {'domain': {'id': '10', 'name': 'Person', 'description': 'Named people in the world like Nelson Mandela'}, 'entity': {'id': '1061010056420876288', 'name': 'Amybeth McNulty', 'description': 'Amybeth McNulty'}}, {'domain': {'id': '46', 'name': 'Business Taxonomy', 'description': 'Categories within Brand Verticals that narrow down the scope of Brands'}, 'entity': {'id': '1557696802391859201', 'name': 'Entertainment & Leisure Business', 'description': 'Brands, companies, advertisers and every non-person handle with the profit intent related to movies, music, television, franchises, venues, theme parks, toys, tourism, hotels'}}, {'domain': {'id': '56', 'name': 'Actor', 'description': 'An actor or actress in the world, like Kate Winslet or Leonardo DiCaprio'}, 'entity': {'id': '1061010056420876288', 'name': 'Amybeth McNulty', 'description': 'Amybeth McNulty'}}, {'domain': {'id': '131', 'name': 'Unified Twitter Taxonomy', 'description': 'A taxonomy of user interests. '}, 'entity': {'id': '847869772129685504', 'name': 'Sci-fi & fantasy', 'description': 'Sci-fi and fantasy'}}, {'domain': {'id': '131', 'name': 'Unified Twitter Taxonomy', 'description': 'A taxonomy of user interests. '}, 'entity': {'id': '1061010056420876288', 'name': 'Amybeth McNulty', 'description': 'Amybeth McNulty'}}, {'domain': {'id': '131', 'name': 'Unified Twitter Taxonomy', 'description': 'A taxonomy of user interests. '}, 'entity': {'id': '1072937043393560576', 'name': 'Television', 'description': 'Television'}}, {'domain': {'id': '131', 'name': 'Unified Twitter Taxonomy', 'description': 'A taxonomy of user interests. '}, 'entity': {'id': '1223187634983292929', 'name': 'Stranger Things'}}, {'domain': {'id': '131', 'name': 'Unified Twitter Taxonomy', 'description': 'A taxonomy of user interests. '}, 'entity': {'id': '1276514328007467008', 'name': 'Movies & TV'}}, {'domain': {'id': '131', 'name': 'Unified Twitter Taxonomy', 'description': 'A taxonomy of user interests. '}, 'entity': {'id': '1283481070956998656', 'name': 'Sci-fi & fantasy TV'}}, {'domain': {'id': '172', 'name': 'Global TV Show', 'description': 'For global/conceptual TV shows without localization.'}, 'entity': {'id': '1223187634983292929', 'name': 'Stranger Things'}}, {'domain': {'id': '3', 'name': 'TV Shows', 'description': 'Television shows from around the world'}, 'entity': {'id': '10045675573', 'name': 'Stranger Things (Netflix)'}}, {'domain': {'id': '29', 'name': 'Events [Entity Service]', 'description': 'Real world events. '}, 'entity': {'id': '10045675573', 'name': 'Stranger Things (Netflix)'}}]",rt amybeth mcnulty finished filming stranger things,rt updates_sthings amybeth mcnulty has finished filming stranger things 5 strangerthings5 https t co qcujelayqr,0
13,13,"RT @UpsideDownSpain: The BEST time for STRANGER THINGS 5 CONTENT is coming. It's TIME TO ENJOY

These are SOME of the CONTENT that could be…","[{'domain': {'id': '3', 'name': 'TV Shows', 'description': 'Television shows from around the world'}, 'entity': {'id': '10045675573', 'name': 'Stranger Things (Netflix)'}}, {'domain': {'id': '3', 'name': 'TV Shows', 'description': 'Television shows from around the world'}, 'entity': {'id': '10051425401', 'name': 'Stranger Things'}}, {'domain': {'id': '46', 'name': 'Business Taxonomy', 'description': 'Categories within Brand Verticals that narrow down the scope of Brands'}, 'entity': {'id': '1557696802391859201', 'name': 'Entertainment & Leisure Business', 'description': 'Brands, companies, advertisers and every non-person handle with the profit intent related to movies, music, television, franchises, venues, theme parks, toys, tourism, hotels'}}, {'domain': {'id': '131', 'name': 'Unified Twitter Taxonomy', 'description': 'A taxonomy of user interests. '}, 'entity': {'id': '847869772129685504', 'name': 'Sci-fi & fantasy', 'description': 'Sci-fi and fantasy'}}, {'domain': {'id': '131', 'name': 'Unified Twitter Taxonomy', 'description': 'A taxonomy of user interests. '}, 'entity': {'id': '1072937043393560576', 'name': 'Television', 'description': 'Television'}}, {'domain': {'id': '131', 'name': 'Unified Twitter Taxonomy', 'description': 'A taxonomy of user interests. '}, 'entity': {'id': '1223187634983292929', 'name': 'Stranger Things'}}, {'domain': {'id': '131', 'name': 'Unified Twitter Taxonomy', 'description': 'A taxonomy of user interests. '}, 'entity': {'id': '1276514328007467008', 'name': 'Movies & TV'}}, {'domain': {'id': '131', 'name': 'Unified Twitter Taxonomy', 'description': 'A taxonomy of user interests. '}, 'entity': {'id': '1283481070956998656', 'name': 'Sci-fi & fantasy TV'}}, {'domain': {'id': '172', 'name': 'Global TV Show', 'description': 'For global/conceptual TV shows without localization.'}, 'entity': {'id': '1223187634983292929', 'name': 'Stranger Things'}}, {'domain': {'id': '3', 'name': 'TV Shows', 'description': 'Television shows from around the world'}, 'entity': {'id': '10045675573', 'name': 'Stranger Things (Netflix)'}}, {'domain': {'id': '29', 'name': 'Events [Entity Service]', 'description': 'Real world events. '}, 'entity': {'id': '10045675573', 'name': 'Stranger Things (Netflix)'}}]",rt best time stranger things content coming time enjoy content could,rt upsidedownspain the best time for stranger things 5 content is coming it s time to enjoy these are some of the content that could be ,1
14,14,"RT @UpsideDownSpain: The BEST time for STRANGER THINGS 5 CONTENT is coming. It's TIME TO ENJOY

These are SOME of the CONTENT that could be…","[{'domain': {'id': '3', 'name': 'TV Shows', 'description': 'Television shows from around the world'}, 'entity': {'id': '10045675573', 'name': 'Stranger Things (Netflix)'}}, {'domain': {'id': '3', 'name': 'TV Shows', 'description': 'Television shows from around the world'}, 'entity': {'id': '10051425401', 'name': 'Stranger Things'}}, {'domain': {'id': '46', 'name': 'Business Taxonomy', 'description': 'Categories within Brand Verticals that narrow down the scope of Brands'}, 'entity': {'id': '1557696802391859201', 'name': 'Entertainment & Leisure Business', 'description': 'Brands, companies, advertisers and every non-person handle with the profit intent related to movies, music, television, franchises, venues, theme parks, toys, tourism, hotels'}}, {'domain': {'id': '131', 'name': 'Unified Twitter Taxonomy', 'description': 'A taxonomy of user interests. '}, 'entity': {'id': '847869772129685504', 'name': 'Sci-fi & fantasy', 'description': 'Sci-fi and fantasy'}}, {'domain': {'id': '131', 'name': 'Unified Twitter Taxonomy', 'description': 'A taxonomy of user interests. '}, 'entity': {'id': '1072937043393560576', 'name': 'Television', 'description': 'Television'}}, {'domain': {'id': '131', 'name': 'Unified Twitter Taxonomy', 'description': 'A taxonomy of user interests. '}, 'entity': {'id': '1223187634983292929', 'name': 'Stranger Things'}}, {'domain': {'id': '131', 'name': 'Unified Twitter Taxonomy', 'description': 'A taxonomy of user interests. '}, 'entity': {'id': '1276514328007467008', 'name': 'Movies & TV'}}, {'domain': {'id': '131', 'name': 'Unified Twitter Taxonomy', 'description': 'A taxonomy of user interests. '}, 'entity': {'id': '1283481070956998656', 'name': 'Sci-fi & fantasy TV'}}, {'domain': {'id': '172', 'name': 'Global TV Show', 'description': 'For global/conceptual TV shows without localization.'}, 'entity': {'id': '1223187634983292929', 'name': 'Stranger Things'}}, {'domain': {'id': '3', 'name': 'TV Shows', 'description': 'Television shows from around the world'}, 'entity': {'id': '10045675573', 'name': 'Stranger Things (Netflix)'}}, {'domain': {'id': '29', 'name': 'Events [Entity Service]', 'description': 'Real world events. '}, 'entity': {'id': '10045675573', 'name': 'Stranger Things (Netflix)'}}]",rt best time stranger things content coming time enjoy content could,rt upsidedownspain the best time for stranger things 5 content is coming it s time to enjoy these are some of the content that could be ,1
15,15,"RT @SThingsSpoilers: It’s time for our FINAL filming update!

Last week, the cast of #StrangerThings5 was spotted filming at several locati…","[{'domain': {'id': '3', 'name': 'TV Shows', 'description': 'Television shows from around the world'}, 'entity': {'id': '10045675573', 'name': 'Stranger Things (Netflix)'}}, {'domain': {'id': '46', 'name': 'Business Taxonomy', 'description': 'Categories within Brand Verticals that narrow down the scope of Brands'}, 'entity': {'id': '1557696802391859201', 'name': 'Entertainment & Leisure Business', 'description': 'Brands, companies, advertisers and every non-person handle with the profit intent related to movies, music, television, franchises, venues, theme parks, toys, tourism, hotels'}}, {'domain': {'id': '131', 'name': 'Unified Twitter Taxonomy', 'description': 'A taxonomy of user interests. '}, 'entity': {'id': '847869772129685504', 'name': 'Sci-fi & fantasy', 'description': 'Sci-fi and fantasy'}}, {'domain': {'id': '131', 'name': 'Unified Twitter Taxonomy', 'description': 'A taxonomy of user interests. '}, 'entity': {'id': '1072937043393560576', 'name': 'Television', 'description': 'Television'}}, {'domain': {'id': '131', 'name': 'Unified Twitter Taxonomy', 'description': 'A taxonomy of user interests. '}, 'entity': {'id': '1223187634983292929', 'name': 'Stranger Things'}}, {'domain': {'id': '131', 'name': 'Unified Twitter Taxonomy', 'description': 'A taxonomy of user interests. '}, 'entity': {'id': '1276514328007467008', 'name': 'Movies & TV'}}, {'domain': {'id': '131', 'name': 'Unified Twitter Taxonomy', 'description': 'A taxonomy of user interests. '}, 'entity': {'id': '1283481070956998656', 'name': 'Sci-fi & fantasy TV'}}, {'domain': {'id': '172', 'name': 'Global TV Show', 'description': 'For global/conceptual TV shows without localization.'}, 'entity': {'id': '1223187634983292929', 'name': 'Stranger Things'}}]",rt time final filming update last week cast spotted filming several locati,rt sthingsspoilers it s time for our final filming update last week the cast of strangerthings5 was spotted filming at several locati ,1
16,16,"RT @SThingsSpoilers: It’s time for our FINAL filming update!

Last week, the cast of #StrangerThings5 was spotted filming at several locati…","[{'domain': {'id': '3', 'name': 'TV Shows', 'description': 'Television shows from around the world'}, 'entity': {'id': '10045675573', 'name': 'Stranger Things (Netflix)'}}, {'domain': {'id': '46', 'name': 'Business Taxonomy', 'description': 'Categories within Brand Verticals that narrow down the scope of Brands'}, 'entity': {'id': '1557696802391859201', 'name': 'Entertainment & Leisure Business', 'description': 'Brands, companies, advertisers and every non-person handle with the profit intent related to movies, music, television, franchises, venues, theme parks, toys, tourism, hotels'}}, {'domain': {'id': '131', 'name': 'Unified Twitter Taxonomy', 'description': 'A taxonomy of user interests. '}, 'entity': {'id': '847869772129685504', 'name': 'Sci-fi & fantasy', 'description': 'Sci-fi and fantasy'}}, {'domain': {'id': '131', 'name': 'Unified Twitter Taxonomy', 'description': 'A taxonomy of user interests. '}, 'entity': {'id': '1072937043393560576', 'name': 'Television', 'description': 'Television'}}, {'domain': {'id': '131', 'name': 'Unified Twitter Taxonomy', 'description': 'A taxonomy of user interests. '}, 'entity': {'id': '1223187634983292929', 'name': 'Stranger Things'}}, {'domain': {'id': '131', 'name': 'Unified Twitter Taxonomy', 'description': 'A taxonomy of user interests. '}, 'entity': {'id': '1276514328007467008', 'name': 'Movies & TV'}}, {'domain': {'id': '131', 'name': 'Unified Twitter Taxonomy', 'description': 'A taxonomy of user interests. '}, 'entity': {'id': '1283481070956998656', 'name': 'Sci-fi & fantasy TV'}}, {'domain': {'id': '172', 'name': 'Global TV Show', 'description': 'For global/conceptual TV shows without localization.'}, 'entity': {'id': '1223187634983292929', 'name': 'Stranger Things'}}]",rt time final filming update last week cast spotted filming several locati,rt sthingsspoilers it s time for our final filming update last week the cast of strangerthings5 was spotted filming at several locati ,1
17,17,"RT @UpsideDownScoop: EXCLUSIVE: Millie Bobby Brown with Noah Schnapp spotted near the set of #StrangerThings5

Noah: 🤭

We still have some…","[{'domain': {'id': '3', 'name': 'TV Shows', 'description': 'Television shows from around the world'}, 'entity': {'id': '10045675573', 'name': 'Stranger Things (Netflix)'}}, {'domain': {'id': '3', 'name': 'TV Shows', 'description': 'Television shows from around the world'}, 'entity': {'id': '10046426305', 'name': 'Stranger Things'}}, {'domain': {'id': '10', 'name': 'Person', 'description': 'Named people in the world like Nelson Mandela'}, 'entity': {'id': '930533124760510464', 'name': 'Noah Schnapp', 'description': 'Noah Schnapp'}}, {'domain': {'id': '46', 'name': 'Business Taxonomy', 'description': 'Categories within Brand Verticals that narrow down the scope of Brands'}, 'entity': {'id': '1557696802391859201', 'name': 'Entertainment & Leisure Business', 'description': 'Brands, companies, advertisers and every non-person handle with the profit intent related to movies, music, television, franchises, venues, theme parks, toys, tourism, hotels'}}, {'domain': {'id': '56', 'name': 'Actor', 'description': 'An actor or actress in the world, like Kate Winslet or Leonardo DiCaprio'}, 'entity': {'id': '930533124760510464', 'name': 'Noah Schnapp', 'description': 'Noah Schnapp'}}, {'domain': {'id': '131', 'name': 'Unified Twitter Taxonomy', 'description': 'A taxonomy of user interests. '}, 'entity': {'id': '847869772129685504', 'name': 'Sci-fi & fantasy', 'description': 'Sci-fi and fantasy'}}, {'domain': {'id': '131', 'name': 'Unified Twitter Taxonomy', 'description': 'A taxonomy of user interests. '}, 'entity': {'id': '930533124760510464', 'name': 'Noah Schnapp', 'description': 'Noah Schnapp'}}, {'domain': {'id': '131', 'name': 'Unified Twitter Taxonomy', 'description': 'A taxonomy of user interests. '}, 'entity': {'id': '1072937043393560576', 'name': 'Television', 'description': 'Television'}}, {'domain': {'id': '131', 'name': 'Unified Twitter Taxonomy', 'description': 'A taxonomy of user interests. '}, 'entity': {'id': '1223187634983292929', 'name': 'Stranger Things'}}, {'domain': {'id': '131', 'name': 'Unified Twitter Taxonomy', 'description': 'A taxonomy of user interests. '}, 'entity': {'id': '1276514328007467008', 'name': 'Movies & TV'}}, {'domain': {'id': '131', 'name': 'Unified Twitter Taxonomy', 'description': 'A taxonomy of user interests. '}, 'entity': {'id': '1283481070956998656', 'name': 'Sci-fi & fantasy TV'}}, {'domain': {'id': '172', 'name': 'Global TV Show', 'description': 'For global/conceptual TV shows without localization.'}, 'entity': {'id': '1223187634983292929', 'name': 'Stranger Things'}}, {'domain': {'id': '10', 'name': 'Person', 'description': 'Named people in the world like Nelson Mandela'}, 'entity': {'id': '880467490848911360', 'name': 'Millie Bobby Brown', 'description': 'Millie Bobby Brown'}}, {'domain': {'id': '56', 'name': 'Actor', 'description': 'An actor or actress in the world, like Kate Winslet or Leonardo DiCaprio'}, 'entity': {'id': '880467490848911360', 'name': 'Millie Bobby Brown', 'description': 'Millie Bobby Brown'}}, {'domain': {'id': '131', 'name': 'Unified Twitter Taxonomy', 'description': 'A taxonomy of user interests. '}, 'entity': {'id': '839544274442051584', 'name': 'Entertainment'}}, {'domain': {'id': '131', 'name': 'Unified Twitter Taxonomy', 'description': 'A taxonomy of user interests. '}, 'entity': {'id': '880467490848911360', 'name': 'Millie Bobby Brown', 'description': 'Millie Bobby Brown'}}, {'domain': {'id': '131', 'name': 'Unified Twitter Taxonomy', 'description': 'A taxonomy of user interests. '}, 'entity': {'id': '1095352268046495745', 'name': 'Celebrities', 'description': 'Celebrities'}}]",rt exclusive millie bobby brown noah schnapp spotted near set noah still,rt upsidedownscoop exclusive millie bobby brown with noah schnapp spotted near the set of strangerthings5 noah we still have some ,1
18,18,"RT @Updates_SThings: 🚨| SPOILER: Actors who were filming the graduation scene:

- Finn Wolfhard 🎓
- Noah Schnapp 🎓
- Sadie Sink 🎓
- Caleb M…","[{'domain': {'id': '3', 'name': 'TV Shows', 'description': 'Television shows from around the world'}, 'entity': {'id': '10046426305', 'name': 'Stranger Things'}}, {'domain': {'id': '10', 'name': 'Person', 'description': 'Named people in the world like Nelson Mandela'}, 'entity': {'id': '930530748787933184', 'name': 'Finn Wolfhard', 'description': 'Finn Wolfhard'}}, {'domain': {'id': '10', 'name': 'Person', 'description': 'Named people in the world like Nelson Mandela'}, 'entity': {'id': '930533124760510464', 'name': 'Noah Schnapp', 'description': 'Noah Schnapp'}}, {'domain': {'id': '10', 'name': 'Person', 'description': 'Named people in the world like Nelson Mandela'}, 'entity': {'id': '1040333169340276736', 'name': 'Sadie Sink', 'description': 'Sadie Sink'}}, {'domain': {'id': '29', 'name': 'Events [Entity Service]', 'description': 'Real world events. '}, 'entity': {'id': '1511323041464168451', 'name': 'Graduation 2022'}}, {'domain': {'id': '56', 'name': 'Actor', 'description': 'An actor or actress in the world, like Kate Winslet or Leonardo DiCaprio'}, 'entity': {'id': '930530748787933184', 'name': 'Finn Wolfhard', 'description': 'Finn Wolfhard'}}, {'domain': {'id': '56', 'name': 'Actor', 'description': 'An actor or actress in the world, like Kate Winslet or Leonardo DiCaprio'}, 'entity': {'id': '930533124760510464', 'name': 'Noah Schnapp', 'description': 'Noah Schnapp'}}, {'domain': {'id': '56', 'name': 'Actor', 'description': 'An actor or actress in the world, like Kate Winslet or Leonardo DiCaprio'}, 'entity': {'id': '1040333169340276736', 'name': 'Sadie Sink', 'description': 'Sadie Sink'}}, {'domain': {'id': '131', 'name': 'Unified Twitter Taxonomy', 'description': 'A taxonomy of user interests. '}, 'entity': {'id': '930530748787933184', 'name': 'Finn Wolfhard', 'description': 'Finn Wolfhard'}}, {'domain': {'id': '131', 'name': 'Unified Twitter Taxonomy', 'description': 'A taxonomy of user interests. '}, 'entity': {'id': '930533124760510464', 'name': 'Noah Schnapp', 'description': 'Noah Schnapp'}}, {'domain': {'id': '131', 'name': 'Unified Twitter Taxonomy', 'description': 'A taxonomy of user interests. '}, 'entity': {'id': '1040333169340276736', 'name': 'Sadie Sink', 'description': 'Sadie Sink'}}]",rt spoiler actors filming graduation scene finn wolfhard noah schnapp sadie sink caleb,rt updates_sthings spoiler actors who were filming the graduation scene finn wolfhard noah schnapp sadie sink caleb m ,0
19,19,"RT @SThingsSpoilers: It’s time for our FINAL filming update!

Last week, the cast of #StrangerThings5 was spotted filming at several locati…","[{'domain': {'id': '3', 'name': 'TV Shows', 'description': 'Television shows from around the world'}, 'entity': {'id': '10045675573', 'name': 'Stranger Things (Netflix)'}}, {'domain': {'id': '46', 'name': 'Business Taxonomy', 'description': 'Categories within Brand Verticals that narrow down the scope of Brands'}, 'entity': {'id': '1557696802391859201', 'name': 'Entertainment & Leisure Business', 'description': 'Brands, companies, advertisers and every non-person handle with the profit intent related to movies, music, television, franchises, venues, theme parks, toys, tourism, hotels'}}, {'domain': {'id': '131', 'name': 'Unified Twitter Taxonomy', 'description': 'A taxonomy of user interests. '}, 'entity': {'id': '847869772129685504', 'name': 'Sci-fi & fantasy', 'description': 'Sci-fi and fantasy'}}, {'domain': {'id': '131', 'name': 'Unified Twitter Taxonomy', 'description': 'A taxonomy of user interests. '}, 'entity': {'id': '1072937043393560576', 'name': 'Television', 'description': 'Television'}}, {'domain': {'id': '131', 'name': 'Unified Twitter Taxonomy', 'description': 'A taxonomy of user interests. '}, 'entity': {'id': '1223187634983292929', 'name': 'Stranger Things'}}, {'domain': {'id': '131', 'name': 'Unified Twitter Taxonomy', 'description': 'A taxonomy of user interests. '}, 'entity': {'id': '1276514328007467008', 'name': 'Movies & TV'}}, {'domain': {'id': '131', 'name': 'Unified Twitter Taxonomy', 'description': 'A taxonomy of user interests. '}, 'entity': {'id': '1283481070956998656', 'name': 'Sci-fi & fantasy TV'}}, {'domain': {'id': '172', 'name': 'Global TV Show', 'description': 'For global/conceptual TV shows without localization.'}, 'entity': {'id': '1223187634983292929', 'name': 'Stranger Things'}}]",rt time final filming update last week cast spotted filming several locati,rt sthingsspoilers it s time for our final filming update last week the cast of strangerthings5 was spotted filming at several locati ,1
20,20,"RT @UpsideDownScoop: Some cast pictures from the Wrap Party!

People spotted:
- Finn
- Caleb
- Joe
- Natalia 
- Charlie
- Gaten
- Noah

#St…",,rt cast pictures wrap party people spotted finn caleb joe natalia charlie gaten noah,rt upsidedownscoop some cast pictures from the wrap party people spotted finn caleb joe natalia charlie gaten noah st ,1
21,21,I think a #StrangerThings5 Teaser will come out in late January to early February. Maybe March aswell. But my best guess is late January to early Feb.,"[{'domain': {'id': '3', 'name': 'TV Shows', 'description': 'Television shows from around the world'}, 'entity': {'id': '10045675573', 'name': 'Stranger Things (Netflix)'}}, {'domain': {'id': '46', 'name': 'Business Taxonomy', 'description': 'Categories within Brand Verticals that narrow down the scope of Brands'}, 'entity': {'id': '1557696802391859201', 'name': 'Entertainment & Leisure Business', 'description': 'Brands, companies, advertisers and every non-person handle with the profit intent related to movies, music, television, franchises, venues, theme parks, toys, tourism, hotels'}}, {'domain': {'id': '131', 'name': 'Unified Twitter Taxonomy', 'description': 'A taxonomy of user interests. '}, 'entity': {'id': '847869772129685504', 'name': 'Sci-fi & fantasy', 'description': 'Sci-fi and fantasy'}}, {'domain': {'id': '131', 'name': 'Unified Twitter Taxonomy', 'description': 'A taxonomy of user interests. '}, 'entity': {'id': '1072937043393560576', 'name': 'Television', 'description': 'Television'}}, {'domain': {'id': '131', 'name': 'Unified Twitter Taxonomy', 'description': 'A taxonomy of user interests. '}, 'entity': {'id': '1223187634983292929', 'name': 'Stranger Things'}}, {'domain': {'id': '131', 'name': 'Unified Twitter Taxonomy', 'description': 'A taxonomy of user interests. '}, 'entity': {'id': '1276514328007467008', 'name': 'Movies & TV'}}, {'domain': {'id': '131', 'name': 'Unified Twitter Taxonomy', 'description': 'A taxonomy of user interests. '}, 'entity': {'id': '1283481070956998656', 'name': 'Sci-fi & fantasy TV'}}, {'domain': {'id': '172', 'name': 'Global TV Show', 'description': 'For global/conceptual TV shows without localization.'}, 'entity': {'id': '1223187634983292929', 'name': 'Stranger Things'}}]",think teaser come late january early february maybe march aswell best guess late january early feb,i think a strangerthings5 teaser will come out in late january to early february maybe march aswell but my best guess is late january to early feb ,1
22,22,"RT @UpsideDownSpain: This WEEK OFFICIALLY the FILMING of STRANGER THINGS 5 is FINISHED 🎥❌

#StrangerThings5 / Via : Wrap Party https://t.co…","[{'domain': {'id': '3', 'name': 'TV Shows', 'description': 'Television shows from around the world'}, 'entity': {'id': '10045675573', 'name': 'Stranger Things (Netflix)'}}, {'domain': {'id': '3', 'name': 'TV Shows', 'description': 'Television shows from around the world'}, 'entity': {'id': '10051425401', 'name': 'Stranger Things'}}, {'domain': {'id': '46', 'name': 'Business Taxonomy', 'description': 'Categories within Brand Verticals that narrow down the scope of Brands'}, 'entity': {'id': '1557696802391859201', 'name': 'Entertainment & Leisure Business', 'description': 'Brands, companies, advertisers and every non-person handle with the profit intent related to movies, music, television, franchises, venues, theme parks, toys, tourism, hotels'}}, {'domain': {'id': '131', 'name': 'Unified Twitter Taxonomy', 'description': 'A taxonomy of user interests. '}, 'entity': {'id': '847869772129685504', 'name': 'Sci-fi & fantasy', 'description': 'Sci-fi and fantasy'}}, {'domain': {'id': '131', 'name': 'Unified Twitter Taxonomy', 'description': 'A taxonomy of user interests. '}, 'entity': {'id': '1072937043393560576', 'name': 'Television', 'description': 'Television'}}, {'domain': {'id': '131', 'name': 'Unified Twitter Taxonomy', 'description': 'A taxonomy of user interests. '}, 'entity': {'id': '1223187634983292929', 'name': 'Stranger Things'}}, {'domain': {'id': '131', 'name': 'Unified Twitter Taxonomy', 'description': 'A taxonomy of user interests. '}, 'entity': {'id': '1276514328007467008', 'name': 'Movies & TV'}}, {'domain': {'id': '131', 'name': 'Unified Twitter Taxonomy', 'description': 'A taxonomy of user interests. '}, 'entity': {'id': '1283481070956998656', 'name': 'Sci-fi & fantasy TV'}}, {'domain': {'id': '172', 'name': 'Global TV Show', 'description': 'For global/conceptual TV shows without localization.'}, 'entity': {'id': '1223187634983292929', 'name': 'Stranger Things'}}, {'domain': {'id': '3', 'name': 'TV Shows', 'description': 'Television shows from around the world'}, 'entity': {'id': '10045675573', 'name': 'Stranger Things (Netflix)'}}, {'domain': {'id': '29', 'name': 'Events [Entity Service]', 'description': 'Real world events. '}, 'entity': {'id': '10045675573', 'name': 'Stranger Things (Netflix)'}}]",rt week officially filming stranger things finished via wrap party,rt upsidedownspain this week officially the filming of stranger things 5 is finished strangerthings5 via wrap party https t co ,1
23,23,"RT @UpsideDownSpain: OFFICIAL!!! Actress Amybeth McNulty has finished filming Stranger Things 5

#StrangerThings5 / VIA : Amybeth McNulty I…","[{'domain': {'id': '3', 'name': 'TV Shows', 'description': 'Television shows from around the world'}, 'entity': {'id': '10045675573', 'name': 'Stranger Things (Netflix)'}}, {'domain': {'id': '3', 'name': 'TV Shows', 'description': 'Television shows from around the world'}, 'entity': {'id': '10051425401', 'name': 'Stranger Things'}}, {'domain': {'id': '10', 'name': 'Person', 'description': 'Named people in the world like Nelson Mandela'}, 'entity': {'id': '1061010056420876288', 'name': 'Amybeth McNulty', 'description': 'Amybeth McNulty'}}, {'domain': {'id': '46', 'name': 'Business Taxonomy', 'description': 'Categories within Brand Verticals that narrow down the scope of Brands'}, 'entity': {'id': '1557696802391859201', 'name': 'Entertainment & Leisure Business', 'description': 'Brands, companies, advertisers and every non-person handle with the profit intent related to movies, music, television, franchises, venues, theme parks, toys, tourism, hotels'}}, {'domain': {'id': '56', 'name': 'Actor', 'description': 'An actor or actress in the world, like Kate Winslet or Leonardo DiCaprio'}, 'entity': {'id': '1061010056420876288', 'name': 'Amybeth McNulty', 'description': 'Amybeth McNulty'}}, {'domain': {'id': '131', 'name': 'Unified Twitter Taxonomy', 'description': 'A taxonomy of user interests. '}, 'entity': {'id': '847869772129685504', 'name': 'Sci-fi & fantasy', 'description': 'Sci-fi and fantasy'}}, {'domain': {'id': '131', 'name': 'Unified Twitter Taxonomy', 'description': 'A taxonomy of user interests. '}, 'entity': {'id': '1061010056420876288', 'name': 'Amybeth McNulty', 'description': 'Amybeth McNulty'}}, {'domain': {'id': '131', 'name': 'Unified Twitter Taxonomy', 'description': 'A taxonomy of user interests. '}, 'entity': {'id': '1072937043393560576', 'name': 'Television', 'description': 'Television'}}, {'domain': {'id': '131', 'name': 'Unified Twitter Taxonomy', 'description': 'A taxonomy of user interests. '}, 'entity': {'id': '1223187634983292929', 'name': 'Stranger Things'}}, {'domain': {'id': '131', 'name': 'Unified Twitter Taxonomy', 'description': 'A taxonomy of user interests. '}, 'entity': {'id': '1276514328007467008', 'name': 'Movies & TV'}}, {'domain': {'id': '131', 'name': 'Unified Twitter Taxonomy', 'description': 'A taxonomy of user interests. '}, 'entity': {'id': '1283481070956998656', 'name': 'Sci-fi & fantasy TV'}}, {'domain': {'id': '172', 'name': 'Global TV Show', 'description': 'For global/conceptual TV shows without localization.'}, 'entity': {'id': '1223187634983292929', 'name': 'Stranger Things'}}, {'domain': {'id': '3', 'name': 'TV Shows', 'description': 'Television shows from around the world'}, 'entity': {'id': '10045675573', 'name': 'Stranger Things (Netflix)'}}, {'domain': {'id': '29', 'name': 'Events [Entity Service]', 'description': 'Real world events. '}, 'entity': {'id': '10045675573', 'name': 'Stranger Things (Netflix)'}}]",rt official actress amybeth mcnulty finished filming stranger things via amybeth mcnulty,rt upsidedownspain official actress amybeth mcnulty has finished filming stranger things 5 strangerthings5 via amybeth mcnulty i ,1
24,24,"RT @Updates_SThings: 🚨| SPOILER: Actors who were filming the graduation scene:

- Finn Wolfhard 🎓
- Noah Schnapp 🎓
- Sadie Sink 🎓
- Caleb M…","[{'domain': {'id': '3', 'name': 'TV Shows', 'description': 'Television shows from around the world'}, 'entity': {'id': '10046426305', 'name': 'Stranger Things'}}, {'domain': {'id': '10', 'name': 'Person', 'description': 'Named people in the world like Nelson Mandela'}, 'entity': {'id': '930530748787933184', 'name': 'Finn Wolfhard', 'description': 'Finn Wolfhard'}}, {'domain': {'id': '10', 'name': 'Person', 'description': 'Named people in the world like Nelson Mandela'}, 'entity': {'id': '930533124760510464', 'name': 'Noah Schnapp', 'description': 'Noah Schnapp'}}, {'domain': {'id': '10', 'name': 'Person', 'description': 'Named people in the world like Nelson Mandela'}, 'entity': {'id': '1040333169340276736', 'name': 'Sadie Sink', 'description': 'Sadie Sink'}}, {'domain': {'id': '29', 'name': 'Events [Entity Service]', 'description': 'Real world events. '}, 'entity': {'id': '1511323041464168451', 'name': 'Graduation 2022'}}, {'domain': {'id': '56', 'name': 'Actor', 'description': 'An actor or actress in the world, like Kate Winslet or Leonardo DiCaprio'}, 'entity': {'id': '930530748787933184', 'name': 'Finn Wolfhard', 'description': 'Finn Wolfhard'}}, {'domain': {'id': '56', 'name': 'Actor', 'description': 'An actor or actress in the world, like Kate Winslet or Leonardo DiCaprio'}, 'entity': {'id': '930533124760510464', 'name': 'Noah Schnapp', 'description': 'Noah Schnapp'}}, {'domain': {'id': '56', 'name': 'Actor', 'description': 'An actor or actress in the world, like Kate Winslet or Leonardo DiCaprio'}, 'entity': {'id': '1040333169340276736', 'name': 'Sadie Sink', 'description': 'Sadie Sink'}}, {'domain': {'id': '131', 'name': 'Unified Twitter Taxonomy', 'description': 'A taxonomy of user interests. '}, 'entity': {'id': '930530748787933184', 'name': 'Finn Wolfhard', 'description': 'Finn Wolfhard'}}, {'domain': {'id': '131', 'name': 'Unified Twitter Taxonomy', 'description': 'A taxonomy of user interests. '}, 'entity': {'id': '930533124760510464', 'name': 'Noah Schnapp', 'description': 'Noah Schnapp'}}, {'domain': {'id': '131', 'name': 'Unified Twitter Taxonomy', 'description': 'A taxonomy of user interests. '}, 'entity': {'id': '1040333169340276736', 'name': 'Sadie Sink', 'description': 'Sadie Sink'}}]",rt spoiler actors filming graduation scene finn wolfhard noah schnapp sadie sink caleb,rt updates_sthings spoiler actors who were filming the graduation scene finn wolfhard noah schnapp sadie sink caleb m ,0
